Ans	Guess	Size	DistRatio	Dist	I	J
1	1	417.5	0.0167665	7	1.cpp	3.cpp
0	0	412.5	0.589091	243	1.cpp	3.pas
1	1	417.5	0.0167665	7	1.cpp	4.cpp
0	0	349.5	0.683834	239	1.cpp	5.cpp
0	0	412.5	0.586667	242	1.cpp	5.pas
0	0	341	0.703812	240	1.cpp	9.cpp
0	0	348	0.718391	250	3.pas	5.cpp
1	1	411	0.00973236	4	3.pas	5.pas
0	0	339.5	0.762887	259	3.pas	9.cpp
0	0	276.5	0.567812	157	5.cpp	9.cpp
