ans	dist_ratio	mess_size	i_mess	j_mess	dist	i_filename	j_filename
1	0.013346	524.5	521	528	7	1.cpp	3.cpp
0	0.572961	466	521	411	267	1.cpp	3.pas
1	0.013346	524.5	521	528	7	1.cpp	4.cpp
0	0.831266	403	521	285	335	1.cpp	5.cpp
0	0.575107	466	521	411	268	1.cpp	5.pas
0	0.873096	394	521	267	344	1.cpp	9.cpp
0	0.718391	348	411	285	250	3.pas	5.cpp
1	0.00973236	411	411	411	4	3.pas	5.pas
0	0.764012	339	411	267	259	3.pas	9.cpp
0	0.565217	276	285	267	156	5.cpp	9.cpp
