Ans	Guess	Size	DistRatio	Dist	I	J
1	1	524.5	0.013346	7	1.cpp	3.cpp
0	0	466	0.572961	267	1.cpp	3.pas
1	1	524.5	0.013346	7	1.cpp	4.cpp
0	0	403	0.831266	335	1.cpp	5.cpp
0	0	466	0.575107	268	1.cpp	5.pas
0	0	394	0.873096	344	1.cpp	9.cpp
0	0	348	0.718391	250	3.pas	5.cpp
1	1	411	0.00973236	4	3.pas	5.pas
0	0	339	0.764012	259	3.pas	9.cpp
0	0	276	0.565217	156	5.cpp	9.cpp
